{
  "shelleyGenesis": {
    "activeSlotsCoeff": 0.05,
    "epochLength": 86400,
    "genDelegs": {
      "12b0f443d02861948a0fce9541916b014e8402984c7b83ad70a834ce": {
        "delegate": "7c54a168c731f2f44ced620f3cca7c2bd90731cab223d5167aa994e6",
        "vrf": "62d546a35e1be66a2b06e29558ef33f4222f1c466adbb59b52d800964d4e60ec"
      },
      "3df542796a64e399b60c74acfbdb5afa1e114532fa36b46d6368ef3a": {
        "delegate": "c44bc2f3cc7e98c0f227aa399e4035c33c0d775a0985875fff488e20",
        "vrf": "4f9d334decadff6eba258b2df8ae1f02580a2628bce47ae7d957e1acd3f42a3c"
      },
      "93fd5083ff20e7ab5570948831730073143bea5a5d5539852ed45889": {
        "delegate": "82a02922f10105566b70366b07c758c8134fa91b3d8ae697dfa5e8e0",
        "vrf": "8a57e94a9b4c65ec575f35d41edb1df399fa30fdf10775389f5d1ef670ca3f9f"
      },
      "a86cab3ea72eabb2e8aafbbf4abbd2ba5bdfd04eea26a39b126a78e4": {
        "delegate": "10257f6d3bae913514bdc96c9170b3166bf6838cca95736b0e418426",
        "vrf": "1b54aad6b013145a0fc74bb5c2aa368ebaf3999e88637d78e09706d0cc29874a"
      },
      "b799804a28885bd49c0e1b99d8b3b26de0fac17a5cf651ecf0c872f0": {
        "delegate": "ebe606e22d932d51be2c1ce87e7d7e4c9a7d1f7df4a5535c29e23d22",
        "vrf": "b3fc06a1f8ee69ff23185d9af453503be8b15b2652e1f9fb7c3ded6797a2d6f9"
      },
      "d125812d6ab973a2c152a0525b7fd32d36ff13555a427966a9cac9b1": {
        "delegate": "e302198135fb5b00bfe0b9b5623426f7cf03179ab7ba75f945d5b79b",
        "vrf": "b45ca2ed95f92248fa0322ce1fc9f815a5a5aa2f21f1adc2c42c4dccfc7ba631"
      },
      "ef27651990a26449a40767d5e06cdef1670a3f3ff4b951d385b51787": {
        "delegate": "0e0b11e80d958732e587585d30978d683a061831d1b753878f549d05",
        "vrf": "b860ec844f6cd476c4fabb4aa1ca72d5c74d82f3835aed3c9515a35b6e048719"
      }
    },
    "initialFunds": {},
    "maxKESEvolutions": 120,
    "maxLovelaceSupply": 45000000000000000,
    "networkId": "Testnet",
    "networkMagic": 2,
    "protocolParams": {
      "a0": 0.1,
      "decentralisationParam": 1,
      "eMax": 18,
      "extraEntropy": {
        "tag": "NeutralNonce"
      },
      "keyDeposit": 400000,
      "maxBlockBodySize": 65536,
      "maxBlockHeaderSize": 1100,
      "maxTxSize": 16384,
      "minFeeA": 44,
      "minFeeB": 155381,
      "minPoolCost": 0,
      "minUTxOValue": 0,
      "nOpt": 50,
      "poolDeposit": 500000000,
      "protocolVersion": {
        "major": 5,
        "minor": 0
      },
      "rho": 0.00178650067,
      "tau": 0.1
    },
    "securityParam": 432,
    "slotLength": 1,
    "slotsPerKESPeriod": 86400,
    "staking": {
      "pools": {},
      "stake": {}
    },
    "systemStart": "2022-08-09T00:00:00Z",
    "updateQuorum": 5
  },
  "alonzoGenesis": {
    "lovelacePerUTxOWord": 34482,
    "executionPrices": {
      "prSteps": {
        "numerator": 721,
        "denominator": 10000000
      },
      "prMem": {
        "numerator": 577,
        "denominator": 10000
      }
    },
    "maxTxExUnits": {
      "exUnitsMem": 10000000,
      "exUnitsSteps": 10000000000
    },
    "maxBlockExUnits": {
      "exUnitsMem": 50000000,
      "exUnitsSteps": 40000000000
    },
    "maxValueSize": 5000,
    "collateralPercentage": 150,
    "maxCollateralInputs": 3,
    "costModels": {
      "PlutusV1": {
        "sha2_256-memory-arguments": 4,
        "equalsString-cpu-arguments-constant": 1000,
        "cekDelayCost-exBudgetMemory": 100,
        "lessThanEqualsByteString-cpu-arguments-intercept": 103599,
        "divideInteger-memory-arguments-minimum": 1,
        "appendByteString-cpu-arguments-slope": 621,
        "blake2b-cpu-arguments-slope": 29175,
        "iData-cpu-arguments": 150000,
        "encodeUtf8-cpu-arguments-slope": 1000,
        "unBData-cpu-arguments": 150000,
        "multiplyInteger-cpu-arguments-intercept": 61516,
        "cekConstCost-exBudgetMemory": 100,
        "nullList-cpu-arguments": 150000,
        "equalsString-cpu-arguments-intercept": 150000,
        "trace-cpu-arguments": 150000,
        "mkNilData-memory-arguments": 32,
        "lengthOfByteString-cpu-arguments": 150000,
        "cekBuiltinCost-exBudgetCPU": 29773,
        "bData-cpu-arguments": 150000,
        "subtractInteger-cpu-arguments-slope": 0,
        "unIData-cpu-arguments": 150000,
        "consByteString-memory-arguments-intercept": 0,
        "divideInteger-memory-arguments-slope": 1,
        "divideInteger-cpu-arguments-model-arguments-slope": 118,
        "listData-cpu-arguments": 150000,
        "headList-cpu-arguments": 150000,
        "chooseData-memory-arguments": 32,
        "equalsInteger-cpu-arguments-intercept": 136542,
        "sha3_256-cpu-arguments-slope": 82363,
        "sliceByteString-cpu-arguments-slope": 5000,
        "unMapData-cpu-arguments": 150000,
        "lessThanInteger-cpu-arguments-intercept": 179690,
        "mkCons-cpu-arguments": 150000,
        "appendString-memory-arguments-intercept": 0,
        "modInteger-cpu-arguments-model-arguments-slope": 118,
        "ifThenElse-cpu-arguments": 1,
        "mkNilPairData-cpu-arguments": 150000,
        "lessThanEqualsInteger-cpu-arguments-intercept": 145276,
        "addInteger-memory-arguments-slope": 1,
        "chooseList-memory-arguments": 32,
        "constrData-memory-arguments": 32,
        "decodeUtf8-cpu-arguments-intercept": 150000,
        "equalsData-memory-arguments": 1,
        "subtractInteger-memory-arguments-slope": 1,
        "appendByteString-memory-arguments-intercept": 0,
        "lengthOfByteString-memory-arguments": 4,
        "headList-memory-arguments": 32,
        "listData-memory-arguments": 32,
        "consByteString-cpu-arguments-intercept": 150000,
        "unIData-memory-arguments": 32,
        "remainderInteger-memory-arguments-minimum": 1,
        "bData-memory-arguments": 32,
        "lessThanByteString-cpu-arguments-slope": 248,
        "encodeUtf8-memory-arguments-intercept": 0,
        "cekStartupCost-exBudgetCPU": 100,
        "multiplyInteger-memory-arguments-intercept": 0,
        "unListData-memory-arguments": 32,
        "remainderInteger-cpu-arguments-model-arguments-slope": 118,
        "cekVarCost-exBudgetCPU": 29773,
        "remainderInteger-memory-arguments-slope": 1,
        "cekForceCost-exBudgetCPU": 29773,
        "sha2_256-cpu-arguments-slope": 29175,
        "equalsInteger-memory-arguments": 1,
        "indexByteString-memory-arguments": 1,
        "addInteger-memory-arguments-intercept": 1,
        "chooseUnit-cpu-arguments": 150000,
        "sndPair-cpu-arguments": 150000,
        "cekLamCost-exBudgetCPU": 29773,
        "fstPair-cpu-arguments": 150000,
        "quotientInteger-memory-arguments-minimum": 1,
        "decodeUtf8-cpu-arguments-slope": 1000,
        "lessThanInteger-memory-arguments": 1,
        "lessThanEqualsInteger-cpu-arguments-slope": 1366,
        "fstPair-memory-arguments": 32,
        "modInteger-memory-arguments-intercept": 0,
        "unConstrData-cpu-arguments": 150000,
        "lessThanEqualsInteger-memory-arguments": 1,
        "chooseUnit-memory-arguments": 32,
        "sndPair-memory-arguments": 32,
        "addInteger-cpu-arguments-intercept": 197209,
        "decodeUtf8-memory-arguments-slope": 8,
        "equalsData-cpu-arguments-intercept": 150000,
        "mapData-cpu-arguments": 150000,
        "mkPairData-cpu-arguments": 150000,
        "quotientInteger-cpu-arguments-constant": 148000,
        "consByteString-memory-arguments-slope": 1,
        "cekVarCost-exBudgetMemory": 100,
        "indexByteString-cpu-arguments": 150000,
        "unListData-cpu-arguments": 150000,
        "equalsInteger-cpu-arguments-slope": 1326,
        "cekStartupCost-exBudgetMemory": 100,
        "subtractInteger-cpu-arguments-intercept": 197209,
        "divideInteger-cpu-arguments-model-arguments-intercept": 425507,
        "divideInteger-memory-arguments-intercept": 0,
        "cekForceCost-exBudgetMemory": 100,
        "blake2b-cpu-arguments-intercept": 2477736,
        "remainderInteger-cpu-arguments-constant": 148000,
        "tailList-cpu-arguments": 150000,
        "encodeUtf8-cpu-arguments-intercept": 150000,
        "equalsString-cpu-arguments-slope": 1000,
        "lessThanByteString-memory-arguments": 1,
        "multiplyInteger-cpu-arguments-slope": 11218,
        "appendByteString-cpu-arguments-intercept": 396231,
        "lessThanEqualsByteString-cpu-arguments-slope": 248,
        "modInteger-memory-arguments-slope": 1,
        "addInteger-cpu-arguments-slope": 0,
        "equalsData-cpu-arguments-slope": 10000,
        "decodeUtf8-memory-arguments-intercept": 0,
        "chooseList-cpu-arguments": 150000,
        "constrData-cpu-arguments": 150000,
        "equalsByteString-memory-arguments": 1,
        "cekApplyCost-exBudgetCPU": 29773,
        "quotientInteger-memory-arguments-slope": 1,
        "verifySignature-cpu-arguments-intercept": 3345831,
        "unMapData-memory-arguments": 32,
        "mkCons-memory-arguments": 32,
        "sliceByteString-memory-arguments-slope": 1,
        "sha3_256-memory-arguments": 4,
        "ifThenElse-memory-arguments": 1,
        "mkNilPairData-memory-arguments": 32,
        "equalsByteString-cpu-arguments-slope": 247,
        "appendString-cpu-arguments-intercept": 150000,
        "quotientInteger-cpu-arguments-model-arguments-slope": 118,
        "cekApplyCost-exBudgetMemory": 100,
        "equalsString-memory-arguments": 1,
        "multiplyInteger-memory-arguments-slope": 1,
        "cekBuiltinCost-exBudgetMemory": 100,
        "remainderInteger-memory-arguments-intercept": 0,
        "sha2_256-cpu-arguments-intercept": 2477736,
        "remainderInteger-cpu-arguments-model-arguments-intercept": 425507,
        "lessThanEqualsByteString-memory-arguments": 1,
        "tailList-memory-arguments": 32,
        "mkNilData-cpu-arguments": 150000,
        "chooseData-cpu-arguments": 150000,
        "unBData-memory-arguments": 32,
        "blake2b-memory-arguments": 4,
        "iData-memory-arguments": 32,
        "nullList-memory-arguments": 32,
        "cekDelayCost-exBudgetCPU": 29773,
        "subtractInteger-memory-arguments-intercept": 1,
        "lessThanByteString-cpu-arguments-intercept": 103599,
        "consByteString-cpu-arguments-slope": 1000,
        "appendByteString-memory-arguments-slope": 1,
        "trace-memory-arguments": 32,
        "divideInteger-cpu-arguments-constant": 148000,
        "cekConstCost-exBudgetCPU": 29773,
        "encodeUtf8-memory-arguments-slope": 8,
        "quotientInteger-cpu-arguments-model-arguments-intercept": 425507,
        "mapData-memory-arguments": 32,
        "appendString-cpu-arguments-slope": 1000,
        "modInteger-cpu-arguments-constant": 148000,
        "verifySignature-cpu-arguments-slope": 1,
        "unConstrData-memory-arguments": 32,
        "quotientInteger-memory-arguments-intercept": 0,
        "equalsByteString-cpu-arguments-constant": 150000,
        "sliceByteString-memory-arguments-intercept": 0,
        "mkPairData-memory-arguments": 32,
        "equalsByteString-cpu-arguments-intercept": 112536,
        "appendString-memory-arguments-slope": 1,
        "lessThanInteger-cpu-arguments-slope": 497,
        "modInteger-cpu-arguments-model-arguments-intercept": 425507,
        "modInteger-memory-arguments-minimum": 1,
        "sha3_256-cpu-arguments-intercept": 0,
        "verifySignature-memory-arguments": 1,
        "cekLamCost-exBudgetMemory": 100,
        "sliceByteString-cpu-arguments-intercept": 150000
      }
    }
  },
  "latestParams": {
    "collateralPercentage": 150,
    "costModels": {
      "PlutusScriptV1": {
        "addInteger-cpu-arguments-intercept": 205665,
        "addInteger-cpu-arguments-slope": 812,
        "addInteger-memory-arguments-intercept": 1,
        "addInteger-memory-arguments-slope": 1,
        "appendByteString-cpu-arguments-intercept": 1000,
        "appendByteString-cpu-arguments-slope": 571,
        "appendByteString-memory-arguments-intercept": 0,
        "appendByteString-memory-arguments-slope": 1,
        "appendString-cpu-arguments-intercept": 1000,
        "appendString-cpu-arguments-slope": 24177,
        "appendString-memory-arguments-intercept": 4,
        "appendString-memory-arguments-slope": 1,
        "bData-cpu-arguments": 1000,
        "bData-memory-arguments": 32,
        "blake2b_256-cpu-arguments-intercept": 117366,
        "blake2b_256-cpu-arguments-slope": 10475,
        "blake2b_256-memory-arguments": 4,
        "cekApplyCost-exBudgetCPU": 23000,
        "cekApplyCost-exBudgetMemory": 100,
        "cekBuiltinCost-exBudgetCPU": 23000,
        "cekBuiltinCost-exBudgetMemory": 100,
        "cekConstCost-exBudgetCPU": 23000,
        "cekConstCost-exBudgetMemory": 100,
        "cekDelayCost-exBudgetCPU": 23000,
        "cekDelayCost-exBudgetMemory": 100,
        "cekForceCost-exBudgetCPU": 23000,
        "cekForceCost-exBudgetMemory": 100,
        "cekLamCost-exBudgetCPU": 23000,
        "cekLamCost-exBudgetMemory": 100,
        "cekStartupCost-exBudgetCPU": 100,
        "cekStartupCost-exBudgetMemory": 100,
        "cekVarCost-exBudgetCPU": 23000,
        "cekVarCost-exBudgetMemory": 100,
        "chooseData-cpu-arguments": 19537,
        "chooseData-memory-arguments": 32,
        "chooseList-cpu-arguments": 175354,
        "chooseList-memory-arguments": 32,
        "chooseUnit-cpu-arguments": 46417,
        "chooseUnit-memory-arguments": 4,
        "consByteString-cpu-arguments-intercept": 221973,
        "consByteString-cpu-arguments-slope": 511,
        "consByteString-memory-arguments-intercept": 0,
        "consByteString-memory-arguments-slope": 1,
        "constrData-cpu-arguments": 89141,
        "constrData-memory-arguments": 32,
        "decodeUtf8-cpu-arguments-intercept": 497525,
        "decodeUtf8-cpu-arguments-slope": 14068,
        "decodeUtf8-memory-arguments-intercept": 4,
        "decodeUtf8-memory-arguments-slope": 2,
        "divideInteger-cpu-arguments-constant": 196500,
        "divideInteger-cpu-arguments-model-arguments-intercept": 453240,
        "divideInteger-cpu-arguments-model-arguments-slope": 220,
        "divideInteger-memory-arguments-intercept": 0,
        "divideInteger-memory-arguments-minimum": 1,
        "divideInteger-memory-arguments-slope": 1,
        "encodeUtf8-cpu-arguments-intercept": 1000,
        "encodeUtf8-cpu-arguments-slope": 28662,
        "encodeUtf8-memory-arguments-intercept": 4,
        "encodeUtf8-memory-arguments-slope": 2,
        "equalsByteString-cpu-arguments-constant": 245000,
        "equalsByteString-cpu-arguments-intercept": 216773,
        "equalsByteString-cpu-arguments-slope": 62,
        "equalsByteString-memory-arguments": 1,
        "equalsData-cpu-arguments-intercept": 1060367,
        "equalsData-cpu-arguments-slope": 12586,
        "equalsData-memory-arguments": 1,
        "equalsInteger-cpu-arguments-intercept": 208512,
        "equalsInteger-cpu-arguments-slope": 421,
        "equalsInteger-memory-arguments": 1,
        "equalsString-cpu-arguments-constant": 187000,
        "equalsString-cpu-arguments-intercept": 1000,
        "equalsString-cpu-arguments-slope": 52998,
        "equalsString-memory-arguments": 1,
        "fstPair-cpu-arguments": 80436,
        "fstPair-memory-arguments": 32,
        "headList-cpu-arguments": 43249,
        "headList-memory-arguments": 32,
        "iData-cpu-arguments": 1000,
        "iData-memory-arguments": 32,
        "ifThenElse-cpu-arguments": 80556,
        "ifThenElse-memory-arguments": 1,
        "indexByteString-cpu-arguments": 57667,
        "indexByteString-memory-arguments": 4,
        "lengthOfByteString-cpu-arguments": 1000,
        "lengthOfByteString-memory-arguments": 10,
        "lessThanByteString-cpu-arguments-intercept": 197145,
        "lessThanByteString-cpu-arguments-slope": 156,
        "lessThanByteString-memory-arguments": 1,
        "lessThanEqualsByteString-cpu-arguments-intercept": 197145,
        "lessThanEqualsByteString-cpu-arguments-slope": 156,
        "lessThanEqualsByteString-memory-arguments": 1,
        "lessThanEqualsInteger-cpu-arguments-intercept": 204924,
        "lessThanEqualsInteger-cpu-arguments-slope": 473,
        "lessThanEqualsInteger-memory-arguments": 1,
        "lessThanInteger-cpu-arguments-intercept": 208896,
        "lessThanInteger-cpu-arguments-slope": 511,
        "lessThanInteger-memory-arguments": 1,
        "listData-cpu-arguments": 52467,
        "listData-memory-arguments": 32,
        "mapData-cpu-arguments": 64832,
        "mapData-memory-arguments": 32,
        "mkCons-cpu-arguments": 65493,
        "mkCons-memory-arguments": 32,
        "mkNilData-cpu-arguments": 22558,
        "mkNilData-memory-arguments": 32,
        "mkNilPairData-cpu-arguments": 16563,
        "mkNilPairData-memory-arguments": 32,
        "mkPairData-cpu-arguments": 76511,
        "mkPairData-memory-arguments": 32,
        "modInteger-cpu-arguments-constant": 196500,
        "modInteger-cpu-arguments-model-arguments-intercept": 453240,
        "modInteger-cpu-arguments-model-arguments-slope": 220,
        "modInteger-memory-arguments-intercept": 0,
        "modInteger-memory-arguments-minimum": 1,
        "modInteger-memory-arguments-slope": 1,
        "multiplyInteger-cpu-arguments-intercept": 69522,
        "multiplyInteger-cpu-arguments-slope": 11687,
        "multiplyInteger-memory-arguments-intercept": 0,
        "multiplyInteger-memory-arguments-slope": 1,
        "nullList-cpu-arguments": 60091,
        "nullList-memory-arguments": 32,
        "quotientInteger-cpu-arguments-constant": 196500,
        "quotientInteger-cpu-arguments-model-arguments-intercept": 453240,
        "quotientInteger-cpu-arguments-model-arguments-slope": 220,
        "quotientInteger-memory-arguments-intercept": 0,
        "quotientInteger-memory-arguments-minimum": 1,
        "quotientInteger-memory-arguments-slope": 1,
        "remainderInteger-cpu-arguments-constant": 196500,
        "remainderInteger-cpu-arguments-model-arguments-intercept": 453240,
        "remainderInteger-cpu-arguments-model-arguments-slope": 220,
        "remainderInteger-memory-arguments-intercept": 0,
        "remainderInteger-memory-arguments-minimum": 1,
        "remainderInteger-memory-arguments-slope": 1,
        "sha2_256-cpu-arguments-intercept": 806990,
        "sha2_256-cpu-arguments-slope": 30482,
        "sha2_256-memory-arguments": 4,
        "sha3_256-cpu-arguments-intercept": 1927926,
        "sha3_256-cpu-arguments-slope": 82523,
        "sha3_256-memory-arguments": 4,
        "sliceByteString-cpu-arguments-intercept": 265318,
        "sliceByteString-cpu-arguments-slope": 0,
        "sliceByteString-memory-arguments-intercept": 4,
        "sliceByteString-memory-arguments-slope": 0,
        "sndPair-cpu-arguments": 85931,
        "sndPair-memory-arguments": 32,
        "subtractInteger-cpu-arguments-intercept": 205665,
        "subtractInteger-cpu-arguments-slope": 812,
        "subtractInteger-memory-arguments-intercept": 1,
        "subtractInteger-memory-arguments-slope": 1,
        "tailList-cpu-arguments": 41182,
        "tailList-memory-arguments": 32,
        "trace-cpu-arguments": 212342,
        "trace-memory-arguments": 32,
        "unBData-cpu-arguments": 31220,
        "unBData-memory-arguments": 32,
        "unConstrData-cpu-arguments": 32696,
        "unConstrData-memory-arguments": 32,
        "unIData-cpu-arguments": 43357,
        "unIData-memory-arguments": 32,
        "unListData-cpu-arguments": 32247,
        "unListData-memory-arguments": 32,
        "unMapData-cpu-arguments": 38314,
        "unMapData-memory-arguments": 32,
        "verifyEd25519Signature-cpu-arguments-intercept": 57996947,
        "verifyEd25519Signature-cpu-arguments-slope": 18975,
        "verifyEd25519Signature-memory-arguments": 10
      },
      "PlutusScriptV2": {
        "addInteger-cpu-arguments-intercept": 100788,
        "addInteger-cpu-arguments-slope": 420,
        "addInteger-memory-arguments-intercept": 1,
        "addInteger-memory-arguments-slope": 1,
        "appendByteString-cpu-arguments-intercept": 1000,
        "appendByteString-cpu-arguments-slope": 173,
        "appendByteString-memory-arguments-intercept": 0,
        "appendByteString-memory-arguments-slope": 1,
        "appendString-cpu-arguments-intercept": 1000,
        "appendString-cpu-arguments-slope": 59957,
        "appendString-memory-arguments-intercept": 4,
        "appendString-memory-arguments-slope": 1,
        "bData-cpu-arguments": 11183,
        "bData-memory-arguments": 32,
        "blake2b_256-cpu-arguments-intercept": 201305,
        "blake2b_256-cpu-arguments-slope": 8356,
        "blake2b_256-memory-arguments": 4,
        "cekApplyCost-exBudgetCPU": 16000,
        "cekApplyCost-exBudgetMemory": 100,
        "cekBuiltinCost-exBudgetCPU": 16000,
        "cekBuiltinCost-exBudgetMemory": 100,
        "cekConstCost-exBudgetCPU": 16000,
        "cekConstCost-exBudgetMemory": 100,
        "cekDelayCost-exBudgetCPU": 16000,
        "cekDelayCost-exBudgetMemory": 100,
        "cekForceCost-exBudgetCPU": 16000,
        "cekForceCost-exBudgetMemory": 100,
        "cekLamCost-exBudgetCPU": 16000,
        "cekLamCost-exBudgetMemory": 100,
        "cekStartupCost-exBudgetCPU": 100,
        "cekStartupCost-exBudgetMemory": 100,
        "cekVarCost-exBudgetCPU": 16000,
        "cekVarCost-exBudgetMemory": 100,
        "chooseData-cpu-arguments": 94375,
        "chooseData-memory-arguments": 32,
        "chooseList-cpu-arguments": 132994,
        "chooseList-memory-arguments": 32,
        "chooseUnit-cpu-arguments": 61462,
        "chooseUnit-memory-arguments": 4,
        "consByteString-cpu-arguments-intercept": 72010,
        "consByteString-cpu-arguments-slope": 178,
        "consByteString-memory-arguments-intercept": 0,
        "consByteString-memory-arguments-slope": 1,
        "constrData-cpu-arguments": 22151,
        "constrData-memory-arguments": 32,
        "decodeUtf8-cpu-arguments-intercept": 91189,
        "decodeUtf8-cpu-arguments-slope": 769,
        "decodeUtf8-memory-arguments-intercept": 4,
        "decodeUtf8-memory-arguments-slope": 2,
        "divideInteger-cpu-arguments-constant": 85848,
        "divideInteger-cpu-arguments-model-arguments-intercept": 228465,
        "divideInteger-cpu-arguments-model-arguments-slope": 122,
        "divideInteger-memory-arguments-intercept": 0,
        "divideInteger-memory-arguments-minimum": 1,
        "divideInteger-memory-arguments-slope": 1,
        "encodeUtf8-cpu-arguments-intercept": 1000,
        "encodeUtf8-cpu-arguments-slope": 42921,
        "encodeUtf8-memory-arguments-intercept": 4,
        "encodeUtf8-memory-arguments-slope": 2,
        "equalsByteString-cpu-arguments-constant": 24548,
        "equalsByteString-cpu-arguments-intercept": 29498,
        "equalsByteString-cpu-arguments-slope": 38,
        "equalsByteString-memory-arguments": 1,
        "equalsData-cpu-arguments-intercept": 898148,
        "equalsData-cpu-arguments-slope": 27279,
        "equalsData-memory-arguments": 1,
        "equalsInteger-cpu-arguments-intercept": 51775,
        "equalsInteger-cpu-arguments-slope": 558,
        "equalsInteger-memory-arguments": 1,
        "equalsString-cpu-arguments-constant": 39184,
        "equalsString-cpu-arguments-intercept": 1000,
        "equalsString-cpu-arguments-slope": 60594,
        "equalsString-memory-arguments": 1,
        "fstPair-cpu-arguments": 141895,
        "fstPair-memory-arguments": 32,
        "headList-cpu-arguments": 83150,
        "headList-memory-arguments": 32,
        "iData-cpu-arguments": 15299,
        "iData-memory-arguments": 32,
        "ifThenElse-cpu-arguments": 76049,
        "ifThenElse-memory-arguments": 1,
        "indexByteString-cpu-arguments": 13169,
        "indexByteString-memory-arguments": 4,
        "lengthOfByteString-cpu-arguments": 22100,
        "lengthOfByteString-memory-arguments": 10,
        "lessThanByteString-cpu-arguments-intercept": 28999,
        "lessThanByteString-cpu-arguments-slope": 74,
        "lessThanByteString-memory-arguments": 1,
        "lessThanEqualsByteString-cpu-arguments-intercept": 28999,
        "lessThanEqualsByteString-cpu-arguments-slope": 74,
        "lessThanEqualsByteString-memory-arguments": 1,
        "lessThanEqualsInteger-cpu-arguments-intercept": 43285,
        "lessThanEqualsInteger-cpu-arguments-slope": 552,
        "lessThanEqualsInteger-memory-arguments": 1,
        "lessThanInteger-cpu-arguments-intercept": 44749,
        "lessThanInteger-cpu-arguments-slope": 541,
        "lessThanInteger-memory-arguments": 1,
        "listData-cpu-arguments": 33852,
        "listData-memory-arguments": 32,
        "mapData-cpu-arguments": 68246,
        "mapData-memory-arguments": 32,
        "mkCons-cpu-arguments": 72362,
        "mkCons-memory-arguments": 32,
        "mkNilData-cpu-arguments": 7243,
        "mkNilData-memory-arguments": 32,
        "mkNilPairData-cpu-arguments": 7391,
        "mkNilPairData-memory-arguments": 32,
        "mkPairData-cpu-arguments": 11546,
        "mkPairData-memory-arguments": 32,
        "modInteger-cpu-arguments-constant": 85848,
        "modInteger-cpu-arguments-model-arguments-intercept": 228465,
        "modInteger-cpu-arguments-model-arguments-slope": 122,
        "modInteger-memory-arguments-intercept": 0,
        "modInteger-memory-arguments-minimum": 1,
        "modInteger-memory-arguments-slope": 1,
        "multiplyInteger-cpu-arguments-intercept": 90434,
        "multiplyInteger-cpu-arguments-slope": 519,
        "multiplyInteger-memory-arguments-intercept": 0,
        "multiplyInteger-memory-arguments-slope": 1,
        "nullList-cpu-arguments": 74433,
        "nullList-memory-arguments": 32,
        "quotientInteger-cpu-arguments-constant": 85848,
        "quotientInteger-cpu-arguments-model-arguments-intercept": 228465,
        "quotientInteger-cpu-arguments-model-arguments-slope": 122,
        "quotientInteger-memory-arguments-intercept": 0,
        "quotientInteger-memory-arguments-minimum": 1,
        "quotientInteger-memory-arguments-slope": 1,
        "remainderInteger-cpu-arguments-constant": 85848,
        "remainderInteger-cpu-arguments-model-arguments-intercept": 228465,
        "remainderInteger-cpu-arguments-model-arguments-slope": 122,
        "remainderInteger-memory-arguments-intercept": 0,
        "remainderInteger-memory-arguments-minimum": 1,
        "remainderInteger-memory-arguments-slope": 1,
        "serialiseData-cpu-arguments-intercept": 955506,
        "serialiseData-cpu-arguments-slope": 213312,
        "serialiseData-memory-arguments-intercept": 0,
        "serialiseData-memory-arguments-slope": 2,
        "sha2_256-cpu-arguments-intercept": 270652,
        "sha2_256-cpu-arguments-slope": 22588,
        "sha2_256-memory-arguments": 4,
        "sha3_256-cpu-arguments-intercept": 1457325,
        "sha3_256-cpu-arguments-slope": 64566,
        "sha3_256-memory-arguments": 4,
        "sliceByteString-cpu-arguments-intercept": 20467,
        "sliceByteString-cpu-arguments-slope": 1,
        "sliceByteString-memory-arguments-intercept": 4,
        "sliceByteString-memory-arguments-slope": 0,
        "sndPair-cpu-arguments": 141992,
        "sndPair-memory-arguments": 32,
        "subtractInteger-cpu-arguments-intercept": 100788,
        "subtractInteger-cpu-arguments-slope": 420,
        "subtractInteger-memory-arguments-intercept": 1,
        "subtractInteger-memory-arguments-slope": 1,
        "tailList-cpu-arguments": 81663,
        "tailList-memory-arguments": 32,
        "trace-cpu-arguments": 59498,
        "trace-memory-arguments": 32,
        "unBData-cpu-arguments": 20142,
        "unBData-memory-arguments": 32,
        "unConstrData-cpu-arguments": 24588,
        "unConstrData-memory-arguments": 32,
        "unIData-cpu-arguments": 20744,
        "unIData-memory-arguments": 32,
        "unListData-cpu-arguments": 25933,
        "unListData-memory-arguments": 32,
        "unMapData-cpu-arguments": 24623,
        "unMapData-memory-arguments": 32,
        "verifyEcdsaSecp256k1Signature-cpu-arguments": 43053543,
        "verifyEcdsaSecp256k1Signature-memory-arguments": 10,
        "verifyEd25519Signature-cpu-arguments-intercept": 53384111,
        "verifyEd25519Signature-cpu-arguments-slope": 14333,
        "verifyEd25519Signature-memory-arguments": 10,
        "verifySchnorrSecp256k1Signature-cpu-arguments-intercept": 43574283,
        "verifySchnorrSecp256k1Signature-cpu-arguments-slope": 26308,
        "verifySchnorrSecp256k1Signature-memory-arguments": 10
      }
    },
    "executionUnitPrices": {
      "priceMemory": 0.0577,
      "priceSteps": 7.21e-05
    },
    "maxBlockBodySize": 90112,
    "maxBlockExecutionUnits": {
      "memory": 62000000,
      "steps": 20000000000
    },
    "maxBlockHeaderSize": 1100,
    "maxCollateralInputs": 3,
    "maxTxExecutionUnits": {
      "memory": 14000000,
      "steps": 10000000000
    },
    "maxTxSize": 16384,
    "maxValueSize": 5000,
    "minPoolCost": 170000000,
    "monetaryExpansion": 0.003,
    "poolPledgeInfluence": 0.3,
    "poolRetireMaxEpoch": 18,
    "protocolVersion": {
      "major": 8,
      "minor": 0
    },
    "stakeAddressDeposit": 2000000,
    "stakePoolDeposit": 500000000,
    "stakePoolTargetNum": 500,
    "treasuryCut": 0.2,
    "txFeeFixed": 155381,
    "txFeePerByte": 44,
    "utxoCostPerByte": 4310
  },
  "latestTip": {
    "epoch": 440,
    "hash": "4a84377e54da8b2b09610ff28e2908464589153add346490b48ef74393e43c1c",
    "slot": 38073978,
    "time": 1704729978000
  }
}
