{
  "shelleyGenesis": {
    "activeSlotsCoeff": 0.05,
    "protocolParams": {
      "protocolVersion": {
        "minor": 0,
        "major": 2
      },
      "decentralisationParam": 1,
      "eMax": 18,
      "extraEntropy": {
        "tag": "NeutralNonce"
      },
      "maxTxSize": 16384,
      "maxBlockBodySize": 65536,
      "maxBlockHeaderSize": 1100,
      "minFeeA": 44,
      "minFeeB": 155381,
      "minUTxOValue": 1000000,
      "poolDeposit": 500000000,
      "minPoolCost": 340000000,
      "keyDeposit": 2000000,
      "nOpt": 150,
      "rho": 0.003,
      "tau": 0.2,
      "a0": 0.3
    },
    "genDelegs": {
      "ad5463153dc3d24b9ff133e46136028bdc1edbb897f5a7cf1b37950c": {
        "delegate": "d9e5c76ad5ee778960804094a389f0b546b5c2b140a62f8ec43ea54d",
        "vrf": "64fa87e8b29a5b7bfbd6795677e3e878c505bc4a3649485d366b50abadec92d7"
      },
      "b9547b8a57656539a8d9bc42c008e38d9c8bd9c8adbb1e73ad529497": {
        "delegate": "855d6fc1e54274e331e34478eeac8d060b0b90c1f9e8a2b01167c048",
        "vrf": "66d5167a1f426bd1adcc8bbf4b88c280d38c148d135cb41e3f5a39f948ad7fcc"
      },
      "60baee25cbc90047e83fd01e1e57dc0b06d3d0cb150d0ab40bbfead1": {
        "delegate": "7f72a1826ae3b279782ab2bc582d0d2958de65bd86b2c4f82d8ba956",
        "vrf": "c0546d9aa5740afd569d3c2d9c412595cd60822bb6d9a4e8ce6c43d12bd0f674"
      },
      "f7b341c14cd58fca4195a9b278cce1ef402dc0e06deb77e543cd1757": {
        "delegate": "69ae12f9e45c0c9122356c8e624b1fbbed6c22a2e3b4358cf0cb5011",
        "vrf": "6394a632af51a32768a6f12dac3485d9c0712d0b54e3f389f355385762a478f2"
      },
      "162f94554ac8c225383a2248c245659eda870eaa82d0ef25fc7dcd82": {
        "delegate": "4485708022839a7b9b8b639a939c85ec0ed6999b5b6dc651b03c43f6",
        "vrf": "aba81e764b71006c515986bf7b37a72fbb5554f78e6775f08e384dbd572a4b32"
      },
      "2075a095b3c844a29c24317a94a643ab8e22d54a3a3a72a420260af6": {
        "delegate": "6535db26347283990a252313a7903a45e3526ec25ddba381c071b25b",
        "vrf": "fcaca997b8105bd860876348fc2c6e68b13607f9bbd23515cd2193b555d267af"
      },
      "268cfc0b89e910ead22e0ade91493d8212f53f3e2164b2e4bef0819b": {
        "delegate": "1d4f2e1fda43070d71bb22a5522f86943c7c18aeb4fa47a362c27e23",
        "vrf": "63ef48bc5355f3e7973100c371d6a095251c80ceb40559f4750aa7014a6fb6db"
      }
    },
    "updateQuorum": 5,
    "networkId": "Mainnet",
    "initialFunds": {},
    "maxLovelaceSupply": 45000000000000000,
    "networkMagic": 764824073,
    "epochLength": 432000,
    "systemStart": "2017-09-23T21:44:51Z",
    "slotsPerKESPeriod": 129600,
    "slotLength": 1,
    "maxKESEvolutions": 62,
    "securityParam": 2160
  },
  "alonzoGenesis": {
    "lovelacePerUTxOWord": 34482,
    "executionPrices": {
      "prSteps": {
        "numerator": 721,
        "denominator": 10000000
      },
      "prMem": {
        "numerator": 577,
        "denominator": 10000
      }
    },
    "maxTxExUnits": {
      "exUnitsMem": 10000000,
      "exUnitsSteps": 10000000000
    },
    "maxBlockExUnits": {
      "exUnitsMem": 50000000,
      "exUnitsSteps": 40000000000
    },
    "maxValueSize": 5000,
    "collateralPercentage": 150,
    "maxCollateralInputs": 3,
    "refScriptsFeePerByte" : 15,
    "costModels": {
      "PlutusV1": {
        "sha2_256-memory-arguments": 4,
        "equalsString-cpu-arguments-constant": 1000,
        "cekDelayCost-exBudgetMemory": 100,
        "lessThanEqualsByteString-cpu-arguments-intercept": 103599,
        "divideInteger-memory-arguments-minimum": 1,
        "appendByteString-cpu-arguments-slope": 621,
        "blake2b-cpu-arguments-slope": 29175,
        "iData-cpu-arguments": 150000,
        "encodeUtf8-cpu-arguments-slope": 1000,
        "unBData-cpu-arguments": 150000,
        "multiplyInteger-cpu-arguments-intercept": 61516,
        "cekConstCost-exBudgetMemory": 100,
        "nullList-cpu-arguments": 150000,
        "equalsString-cpu-arguments-intercept": 150000,
        "trace-cpu-arguments": 150000,
        "mkNilData-memory-arguments": 32,
        "lengthOfByteString-cpu-arguments": 150000,
        "cekBuiltinCost-exBudgetCPU": 29773,
        "bData-cpu-arguments": 150000,
        "subtractInteger-cpu-arguments-slope": 0,
        "unIData-cpu-arguments": 150000,
        "consByteString-memory-arguments-intercept": 0,
        "divideInteger-memory-arguments-slope": 1,
        "divideInteger-cpu-arguments-model-arguments-slope": 118,
        "listData-cpu-arguments": 150000,
        "headList-cpu-arguments": 150000,
        "chooseData-memory-arguments": 32,
        "equalsInteger-cpu-arguments-intercept": 136542,
        "sha3_256-cpu-arguments-slope": 82363,
        "sliceByteString-cpu-arguments-slope": 5000,
        "unMapData-cpu-arguments": 150000,
        "lessThanInteger-cpu-arguments-intercept": 179690,
        "mkCons-cpu-arguments": 150000,
        "appendString-memory-arguments-intercept": 0,
        "modInteger-cpu-arguments-model-arguments-slope": 118,
        "ifThenElse-cpu-arguments": 1,
        "mkNilPairData-cpu-arguments": 150000,
        "lessThanEqualsInteger-cpu-arguments-intercept": 145276,
        "addInteger-memory-arguments-slope": 1,
        "chooseList-memory-arguments": 32,
        "constrData-memory-arguments": 32,
        "decodeUtf8-cpu-arguments-intercept": 150000,
        "equalsData-memory-arguments": 1,
        "subtractInteger-memory-arguments-slope": 1,
        "appendByteString-memory-arguments-intercept": 0,
        "lengthOfByteString-memory-arguments": 4,
        "headList-memory-arguments": 32,
        "listData-memory-arguments": 32,
        "consByteString-cpu-arguments-intercept": 150000,
        "unIData-memory-arguments": 32,
        "remainderInteger-memory-arguments-minimum": 1,
        "bData-memory-arguments": 32,
        "lessThanByteString-cpu-arguments-slope": 248,
        "encodeUtf8-memory-arguments-intercept": 0,
        "cekStartupCost-exBudgetCPU": 100,
        "multiplyInteger-memory-arguments-intercept": 0,
        "unListData-memory-arguments": 32,
        "remainderInteger-cpu-arguments-model-arguments-slope": 118,
        "cekVarCost-exBudgetCPU": 29773,
        "remainderInteger-memory-arguments-slope": 1,
        "cekForceCost-exBudgetCPU": 29773,
        "sha2_256-cpu-arguments-slope": 29175,
        "equalsInteger-memory-arguments": 1,
        "indexByteString-memory-arguments": 1,
        "addInteger-memory-arguments-intercept": 1,
        "chooseUnit-cpu-arguments": 150000,
        "sndPair-cpu-arguments": 150000,
        "cekLamCost-exBudgetCPU": 29773,
        "fstPair-cpu-arguments": 150000,
        "quotientInteger-memory-arguments-minimum": 1,
        "decodeUtf8-cpu-arguments-slope": 1000,
        "lessThanInteger-memory-arguments": 1,
        "lessThanEqualsInteger-cpu-arguments-slope": 1366,
        "fstPair-memory-arguments": 32,
        "modInteger-memory-arguments-intercept": 0,
        "unConstrData-cpu-arguments": 150000,
        "lessThanEqualsInteger-memory-arguments": 1,
        "chooseUnit-memory-arguments": 32,
        "sndPair-memory-arguments": 32,
        "addInteger-cpu-arguments-intercept": 197209,
        "decodeUtf8-memory-arguments-slope": 8,
        "equalsData-cpu-arguments-intercept": 150000,
        "mapData-cpu-arguments": 150000,
        "mkPairData-cpu-arguments": 150000,
        "quotientInteger-cpu-arguments-constant": 148000,
        "consByteString-memory-arguments-slope": 1,
        "cekVarCost-exBudgetMemory": 100,
        "indexByteString-cpu-arguments": 150000,
        "unListData-cpu-arguments": 150000,
        "equalsInteger-cpu-arguments-slope": 1326,
        "cekStartupCost-exBudgetMemory": 100,
        "subtractInteger-cpu-arguments-intercept": 197209,
        "divideInteger-cpu-arguments-model-arguments-intercept": 425507,
        "divideInteger-memory-arguments-intercept": 0,
        "cekForceCost-exBudgetMemory": 100,
        "blake2b-cpu-arguments-intercept": 2477736,
        "remainderInteger-cpu-arguments-constant": 148000,
        "tailList-cpu-arguments": 150000,
        "encodeUtf8-cpu-arguments-intercept": 150000,
        "equalsString-cpu-arguments-slope": 1000,
        "lessThanByteString-memory-arguments": 1,
        "multiplyInteger-cpu-arguments-slope": 11218,
        "appendByteString-cpu-arguments-intercept": 396231,
        "lessThanEqualsByteString-cpu-arguments-slope": 248,
        "modInteger-memory-arguments-slope": 1,
        "addInteger-cpu-arguments-slope": 0,
        "equalsData-cpu-arguments-slope": 10000,
        "decodeUtf8-memory-arguments-intercept": 0,
        "chooseList-cpu-arguments": 150000,
        "constrData-cpu-arguments": 150000,
        "equalsByteString-memory-arguments": 1,
        "cekApplyCost-exBudgetCPU": 29773,
        "quotientInteger-memory-arguments-slope": 1,
        "verifySignature-cpu-arguments-intercept": 3345831,
        "unMapData-memory-arguments": 32,
        "mkCons-memory-arguments": 32,
        "sliceByteString-memory-arguments-slope": 1,
        "sha3_256-memory-arguments": 4,
        "ifThenElse-memory-arguments": 1,
        "mkNilPairData-memory-arguments": 32,
        "equalsByteString-cpu-arguments-slope": 247,
        "appendString-cpu-arguments-intercept": 150000,
        "quotientInteger-cpu-arguments-model-arguments-slope": 118,
        "cekApplyCost-exBudgetMemory": 100,
        "equalsString-memory-arguments": 1,
        "multiplyInteger-memory-arguments-slope": 1,
        "cekBuiltinCost-exBudgetMemory": 100,
        "remainderInteger-memory-arguments-intercept": 0,
        "sha2_256-cpu-arguments-intercept": 2477736,
        "remainderInteger-cpu-arguments-model-arguments-intercept": 425507,
        "lessThanEqualsByteString-memory-arguments": 1,
        "tailList-memory-arguments": 32,
        "mkNilData-cpu-arguments": 150000,
        "chooseData-cpu-arguments": 150000,
        "unBData-memory-arguments": 32,
        "blake2b-memory-arguments": 4,
        "iData-memory-arguments": 32,
        "nullList-memory-arguments": 32,
        "cekDelayCost-exBudgetCPU": 29773,
        "subtractInteger-memory-arguments-intercept": 1,
        "lessThanByteString-cpu-arguments-intercept": 103599,
        "consByteString-cpu-arguments-slope": 1000,
        "appendByteString-memory-arguments-slope": 1,
        "trace-memory-arguments": 32,
        "divideInteger-cpu-arguments-constant": 148000,
        "cekConstCost-exBudgetCPU": 29773,
        "encodeUtf8-memory-arguments-slope": 8,
        "quotientInteger-cpu-arguments-model-arguments-intercept": 425507,
        "mapData-memory-arguments": 32,
        "appendString-cpu-arguments-slope": 1000,
        "modInteger-cpu-arguments-constant": 148000,
        "verifySignature-cpu-arguments-slope": 1,
        "unConstrData-memory-arguments": 32,
        "quotientInteger-memory-arguments-intercept": 0,
        "equalsByteString-cpu-arguments-constant": 150000,
        "sliceByteString-memory-arguments-intercept": 0,
        "mkPairData-memory-arguments": 32,
        "equalsByteString-cpu-arguments-intercept": 112536,
        "appendString-memory-arguments-slope": 1,
        "lessThanInteger-cpu-arguments-slope": 497,
        "modInteger-cpu-arguments-model-arguments-intercept": 425507,
        "modInteger-memory-arguments-minimum": 1,
        "sha3_256-cpu-arguments-intercept": 0,
        "verifySignature-memory-arguments": 1,
        "cekLamCost-exBudgetMemory": 100,
        "sliceByteString-cpu-arguments-intercept": 150000
      }
    }
  },"latestParams": {
    "collateralPercentage": 150,
    "costModels": {
      "PlutusScriptV1": {
        "addInteger-cpu-arguments-intercept": 205665,
        "addInteger-cpu-arguments-slope": 812,
        "addInteger-memory-arguments-intercept": 1,
        "addInteger-memory-arguments-slope": 1,
        "appendByteString-cpu-arguments-intercept": 1000,
        "appendByteString-cpu-arguments-slope": 571,
        "appendByteString-memory-arguments-intercept": 0,
        "appendByteString-memory-arguments-slope": 1,
        "appendString-cpu-arguments-intercept": 1000,
        "appendString-cpu-arguments-slope": 24177,
        "appendString-memory-arguments-intercept": 4,
        "appendString-memory-arguments-slope": 1,
        "bData-cpu-arguments": 1000,
        "bData-memory-arguments": 32,
        "blake2b_256-cpu-arguments-intercept": 117366,
        "blake2b_256-cpu-arguments-slope": 10475,
        "blake2b_256-memory-arguments": 4,
        "cekApplyCost-exBudgetCPU": 23000,
        "cekApplyCost-exBudgetMemory": 100,
        "cekBuiltinCost-exBudgetCPU": 23000,
        "cekBuiltinCost-exBudgetMemory": 100,
        "cekConstCost-exBudgetCPU": 23000,
        "cekConstCost-exBudgetMemory": 100,
        "cekDelayCost-exBudgetCPU": 23000,
        "cekDelayCost-exBudgetMemory": 100,
        "cekForceCost-exBudgetCPU": 23000,
        "cekForceCost-exBudgetMemory": 100,
        "cekLamCost-exBudgetCPU": 23000,
        "cekLamCost-exBudgetMemory": 100,
        "cekStartupCost-exBudgetCPU": 100,
        "cekStartupCost-exBudgetMemory": 100,
        "cekVarCost-exBudgetCPU": 23000,
        "cekVarCost-exBudgetMemory": 100,
        "chooseData-cpu-arguments": 19537,
        "chooseData-memory-arguments": 32,
        "chooseList-cpu-arguments": 175354,
        "chooseList-memory-arguments": 32,
        "chooseUnit-cpu-arguments": 46417,
        "chooseUnit-memory-arguments": 4,
        "consByteString-cpu-arguments-intercept": 221973,
        "consByteString-cpu-arguments-slope": 511,
        "consByteString-memory-arguments-intercept": 0,
        "consByteString-memory-arguments-slope": 1,
        "constrData-cpu-arguments": 89141,
        "constrData-memory-arguments": 32,
        "decodeUtf8-cpu-arguments-intercept": 497525,
        "decodeUtf8-cpu-arguments-slope": 14068,
        "decodeUtf8-memory-arguments-intercept": 4,
        "decodeUtf8-memory-arguments-slope": 2,
        "divideInteger-cpu-arguments-constant": 196500,
        "divideInteger-cpu-arguments-model-arguments-intercept": 453240,
        "divideInteger-cpu-arguments-model-arguments-slope": 220,
        "divideInteger-memory-arguments-intercept": 0,
        "divideInteger-memory-arguments-minimum": 1,
        "divideInteger-memory-arguments-slope": 1,
        "encodeUtf8-cpu-arguments-intercept": 1000,
        "encodeUtf8-cpu-arguments-slope": 28662,
        "encodeUtf8-memory-arguments-intercept": 4,
        "encodeUtf8-memory-arguments-slope": 2,
        "equalsByteString-cpu-arguments-constant": 245000,
        "equalsByteString-cpu-arguments-intercept": 216773,
        "equalsByteString-cpu-arguments-slope": 62,
        "equalsByteString-memory-arguments": 1,
        "equalsData-cpu-arguments-intercept": 1060367,
        "equalsData-cpu-arguments-slope": 12586,
        "equalsData-memory-arguments": 1,
        "equalsInteger-cpu-arguments-intercept": 208512,
        "equalsInteger-cpu-arguments-slope": 421,
        "equalsInteger-memory-arguments": 1,
        "equalsString-cpu-arguments-constant": 187000,
        "equalsString-cpu-arguments-intercept": 1000,
        "equalsString-cpu-arguments-slope": 52998,
        "equalsString-memory-arguments": 1,
        "fstPair-cpu-arguments": 80436,
        "fstPair-memory-arguments": 32,
        "headList-cpu-arguments": 43249,
        "headList-memory-arguments": 32,
        "iData-cpu-arguments": 1000,
        "iData-memory-arguments": 32,
        "ifThenElse-cpu-arguments": 80556,
        "ifThenElse-memory-arguments": 1,
        "indexByteString-cpu-arguments": 57667,
        "indexByteString-memory-arguments": 4,
        "lengthOfByteString-cpu-arguments": 1000,
        "lengthOfByteString-memory-arguments": 10,
        "lessThanByteString-cpu-arguments-intercept": 197145,
        "lessThanByteString-cpu-arguments-slope": 156,
        "lessThanByteString-memory-arguments": 1,
        "lessThanEqualsByteString-cpu-arguments-intercept": 197145,
        "lessThanEqualsByteString-cpu-arguments-slope": 156,
        "lessThanEqualsByteString-memory-arguments": 1,
        "lessThanEqualsInteger-cpu-arguments-intercept": 204924,
        "lessThanEqualsInteger-cpu-arguments-slope": 473,
        "lessThanEqualsInteger-memory-arguments": 1,
        "lessThanInteger-cpu-arguments-intercept": 208896,
        "lessThanInteger-cpu-arguments-slope": 511,
        "lessThanInteger-memory-arguments": 1,
        "listData-cpu-arguments": 52467,
        "listData-memory-arguments": 32,
        "mapData-cpu-arguments": 64832,
        "mapData-memory-arguments": 32,
        "mkCons-cpu-arguments": 65493,
        "mkCons-memory-arguments": 32,
        "mkNilData-cpu-arguments": 22558,
        "mkNilData-memory-arguments": 32,
        "mkNilPairData-cpu-arguments": 16563,
        "mkNilPairData-memory-arguments": 32,
        "mkPairData-cpu-arguments": 76511,
        "mkPairData-memory-arguments": 32,
        "modInteger-cpu-arguments-constant": 196500,
        "modInteger-cpu-arguments-model-arguments-intercept": 453240,
        "modInteger-cpu-arguments-model-arguments-slope": 220,
        "modInteger-memory-arguments-intercept": 0,
        "modInteger-memory-arguments-minimum": 1,
        "modInteger-memory-arguments-slope": 1,
        "multiplyInteger-cpu-arguments-intercept": 69522,
        "multiplyInteger-cpu-arguments-slope": 11687,
        "multiplyInteger-memory-arguments-intercept": 0,
        "multiplyInteger-memory-arguments-slope": 1,
        "nullList-cpu-arguments": 60091,
        "nullList-memory-arguments": 32,
        "quotientInteger-cpu-arguments-constant": 196500,
        "quotientInteger-cpu-arguments-model-arguments-intercept": 453240,
        "quotientInteger-cpu-arguments-model-arguments-slope": 220,
        "quotientInteger-memory-arguments-intercept": 0,
        "quotientInteger-memory-arguments-minimum": 1,
        "quotientInteger-memory-arguments-slope": 1,
        "remainderInteger-cpu-arguments-constant": 196500,
        "remainderInteger-cpu-arguments-model-arguments-intercept": 453240,
        "remainderInteger-cpu-arguments-model-arguments-slope": 220,
        "remainderInteger-memory-arguments-intercept": 0,
        "remainderInteger-memory-arguments-minimum": 1,
        "remainderInteger-memory-arguments-slope": 1,
        "sha2_256-cpu-arguments-intercept": 806990,
        "sha2_256-cpu-arguments-slope": 30482,
        "sha2_256-memory-arguments": 4,
        "sha3_256-cpu-arguments-intercept": 1927926,
        "sha3_256-cpu-arguments-slope": 82523,
        "sha3_256-memory-arguments": 4,
        "sliceByteString-cpu-arguments-intercept": 265318,
        "sliceByteString-cpu-arguments-slope": 0,
        "sliceByteString-memory-arguments-intercept": 4,
        "sliceByteString-memory-arguments-slope": 0,
        "sndPair-cpu-arguments": 85931,
        "sndPair-memory-arguments": 32,
        "subtractInteger-cpu-arguments-intercept": 205665,
        "subtractInteger-cpu-arguments-slope": 812,
        "subtractInteger-memory-arguments-intercept": 1,
        "subtractInteger-memory-arguments-slope": 1,
        "tailList-cpu-arguments": 41182,
        "tailList-memory-arguments": 32,
        "trace-cpu-arguments": 212342,
        "trace-memory-arguments": 32,
        "unBData-cpu-arguments": 31220,
        "unBData-memory-arguments": 32,
        "unConstrData-cpu-arguments": 32696,
        "unConstrData-memory-arguments": 32,
        "unIData-cpu-arguments": 43357,
        "unIData-memory-arguments": 32,
        "unListData-cpu-arguments": 32247,
        "unListData-memory-arguments": 32,
        "unMapData-cpu-arguments": 38314,
        "unMapData-memory-arguments": 32,
        "verifyEd25519Signature-cpu-arguments-intercept": 57996947,
        "verifyEd25519Signature-cpu-arguments-slope": 18975,
        "verifyEd25519Signature-memory-arguments": 10
      },
      "PlutusScriptV2": {
        "addInteger-cpu-arguments-intercept": 100788,
        "addInteger-cpu-arguments-slope": 420,
        "addInteger-memory-arguments-intercept": 1,
        "addInteger-memory-arguments-slope": 1,
        "appendByteString-cpu-arguments-intercept": 1000,
        "appendByteString-cpu-arguments-slope": 173,
        "appendByteString-memory-arguments-intercept": 0,
        "appendByteString-memory-arguments-slope": 1,
        "appendString-cpu-arguments-intercept": 1000,
        "appendString-cpu-arguments-slope": 59957,
        "appendString-memory-arguments-intercept": 4,
        "appendString-memory-arguments-slope": 1,
        "bData-cpu-arguments": 11183,
        "bData-memory-arguments": 32,
        "blake2b_256-cpu-arguments-intercept": 201305,
        "blake2b_256-cpu-arguments-slope": 8356,
        "blake2b_256-memory-arguments": 4,
        "cekApplyCost-exBudgetCPU": 16000,
        "cekApplyCost-exBudgetMemory": 100,
        "cekBuiltinCost-exBudgetCPU": 16000,
        "cekBuiltinCost-exBudgetMemory": 100,
        "cekConstCost-exBudgetCPU": 16000,
        "cekConstCost-exBudgetMemory": 100,
        "cekDelayCost-exBudgetCPU": 16000,
        "cekDelayCost-exBudgetMemory": 100,
        "cekForceCost-exBudgetCPU": 16000,
        "cekForceCost-exBudgetMemory": 100,
        "cekLamCost-exBudgetCPU": 16000,
        "cekLamCost-exBudgetMemory": 100,
        "cekStartupCost-exBudgetCPU": 100,
        "cekStartupCost-exBudgetMemory": 100,
        "cekVarCost-exBudgetCPU": 16000,
        "cekVarCost-exBudgetMemory": 100,
        "chooseData-cpu-arguments": 94375,
        "chooseData-memory-arguments": 32,
        "chooseList-cpu-arguments": 132994,
        "chooseList-memory-arguments": 32,
        "chooseUnit-cpu-arguments": 61462,
        "chooseUnit-memory-arguments": 4,
        "consByteString-cpu-arguments-intercept": 72010,
        "consByteString-cpu-arguments-slope": 178,
        "consByteString-memory-arguments-intercept": 0,
        "consByteString-memory-arguments-slope": 1,
        "constrData-cpu-arguments": 22151,
        "constrData-memory-arguments": 32,
        "decodeUtf8-cpu-arguments-intercept": 91189,
        "decodeUtf8-cpu-arguments-slope": 769,
        "decodeUtf8-memory-arguments-intercept": 4,
        "decodeUtf8-memory-arguments-slope": 2,
        "divideInteger-cpu-arguments-constant": 85848,
        "divideInteger-cpu-arguments-model-arguments-intercept": 228465,
        "divideInteger-cpu-arguments-model-arguments-slope": 122,
        "divideInteger-memory-arguments-intercept": 0,
        "divideInteger-memory-arguments-minimum": 1,
        "divideInteger-memory-arguments-slope": 1,
        "encodeUtf8-cpu-arguments-intercept": 1000,
        "encodeUtf8-cpu-arguments-slope": 42921,
        "encodeUtf8-memory-arguments-intercept": 4,
        "encodeUtf8-memory-arguments-slope": 2,
        "equalsByteString-cpu-arguments-constant": 24548,
        "equalsByteString-cpu-arguments-intercept": 29498,
        "equalsByteString-cpu-arguments-slope": 38,
        "equalsByteString-memory-arguments": 1,
        "equalsData-cpu-arguments-intercept": 898148,
        "equalsData-cpu-arguments-slope": 27279,
        "equalsData-memory-arguments": 1,
        "equalsInteger-cpu-arguments-intercept": 51775,
        "equalsInteger-cpu-arguments-slope": 558,
        "equalsInteger-memory-arguments": 1,
        "equalsString-cpu-arguments-constant": 39184,
        "equalsString-cpu-arguments-intercept": 1000,
        "equalsString-cpu-arguments-slope": 60594,
        "equalsString-memory-arguments": 1,
        "fstPair-cpu-arguments": 141895,
        "fstPair-memory-arguments": 32,
        "headList-cpu-arguments": 83150,
        "headList-memory-arguments": 32,
        "iData-cpu-arguments": 15299,
        "iData-memory-arguments": 32,
        "ifThenElse-cpu-arguments": 76049,
        "ifThenElse-memory-arguments": 1,
        "indexByteString-cpu-arguments": 13169,
        "indexByteString-memory-arguments": 4,
        "lengthOfByteString-cpu-arguments": 22100,
        "lengthOfByteString-memory-arguments": 10,
        "lessThanByteString-cpu-arguments-intercept": 28999,
        "lessThanByteString-cpu-arguments-slope": 74,
        "lessThanByteString-memory-arguments": 1,
        "lessThanEqualsByteString-cpu-arguments-intercept": 28999,
        "lessThanEqualsByteString-cpu-arguments-slope": 74,
        "lessThanEqualsByteString-memory-arguments": 1,
        "lessThanEqualsInteger-cpu-arguments-intercept": 43285,
        "lessThanEqualsInteger-cpu-arguments-slope": 552,
        "lessThanEqualsInteger-memory-arguments": 1,
        "lessThanInteger-cpu-arguments-intercept": 44749,
        "lessThanInteger-cpu-arguments-slope": 541,
        "lessThanInteger-memory-arguments": 1,
        "listData-cpu-arguments": 33852,
        "listData-memory-arguments": 32,
        "mapData-cpu-arguments": 68246,
        "mapData-memory-arguments": 32,
        "mkCons-cpu-arguments": 72362,
        "mkCons-memory-arguments": 32,
        "mkNilData-cpu-arguments": 7243,
        "mkNilData-memory-arguments": 32,
        "mkNilPairData-cpu-arguments": 7391,
        "mkNilPairData-memory-arguments": 32,
        "mkPairData-cpu-arguments": 11546,
        "mkPairData-memory-arguments": 32,
        "modInteger-cpu-arguments-constant": 85848,
        "modInteger-cpu-arguments-model-arguments-intercept": 228465,
        "modInteger-cpu-arguments-model-arguments-slope": 122,
        "modInteger-memory-arguments-intercept": 0,
        "modInteger-memory-arguments-minimum": 1,
        "modInteger-memory-arguments-slope": 1,
        "multiplyInteger-cpu-arguments-intercept": 90434,
        "multiplyInteger-cpu-arguments-slope": 519,
        "multiplyInteger-memory-arguments-intercept": 0,
        "multiplyInteger-memory-arguments-slope": 1,
        "nullList-cpu-arguments": 74433,
        "nullList-memory-arguments": 32,
        "quotientInteger-cpu-arguments-constant": 85848,
        "quotientInteger-cpu-arguments-model-arguments-intercept": 228465,
        "quotientInteger-cpu-arguments-model-arguments-slope": 122,
        "quotientInteger-memory-arguments-intercept": 0,
        "quotientInteger-memory-arguments-minimum": 1,
        "quotientInteger-memory-arguments-slope": 1,
        "remainderInteger-cpu-arguments-constant": 85848,
        "remainderInteger-cpu-arguments-model-arguments-intercept": 228465,
        "remainderInteger-cpu-arguments-model-arguments-slope": 122,
        "remainderInteger-memory-arguments-intercept": 0,
        "remainderInteger-memory-arguments-minimum": 1,
        "remainderInteger-memory-arguments-slope": 1,
        "serialiseData-cpu-arguments-intercept": 955506,
        "serialiseData-cpu-arguments-slope": 213312,
        "serialiseData-memory-arguments-intercept": 0,
        "serialiseData-memory-arguments-slope": 2,
        "sha2_256-cpu-arguments-intercept": 270652,
        "sha2_256-cpu-arguments-slope": 22588,
        "sha2_256-memory-arguments": 4,
        "sha3_256-cpu-arguments-intercept": 1457325,
        "sha3_256-cpu-arguments-slope": 64566,
        "sha3_256-memory-arguments": 4,
        "sliceByteString-cpu-arguments-intercept": 20467,
        "sliceByteString-cpu-arguments-slope": 1,
        "sliceByteString-memory-arguments-intercept": 4,
        "sliceByteString-memory-arguments-slope": 0,
        "sndPair-cpu-arguments": 141992,
        "sndPair-memory-arguments": 32,
        "subtractInteger-cpu-arguments-intercept": 100788,
        "subtractInteger-cpu-arguments-slope": 420,
        "subtractInteger-memory-arguments-intercept": 1,
        "subtractInteger-memory-arguments-slope": 1,
        "tailList-cpu-arguments": 81663,
        "tailList-memory-arguments": 32,
        "trace-cpu-arguments": 59498,
        "trace-memory-arguments": 32,
        "unBData-cpu-arguments": 20142,
        "unBData-memory-arguments": 32,
        "unConstrData-cpu-arguments": 24588,
        "unConstrData-memory-arguments": 32,
        "unIData-cpu-arguments": 20744,
        "unIData-memory-arguments": 32,
        "unListData-cpu-arguments": 25933,
        "unListData-memory-arguments": 32,
        "unMapData-cpu-arguments": 24623,
        "unMapData-memory-arguments": 32,
        "verifyEcdsaSecp256k1Signature-cpu-arguments": 43053543,
        "verifyEcdsaSecp256k1Signature-memory-arguments": 10,
        "verifyEd25519Signature-cpu-arguments-intercept": 53384111,
        "verifyEd25519Signature-cpu-arguments-slope": 14333,
        "verifyEd25519Signature-memory-arguments": 10,
        "verifySchnorrSecp256k1Signature-cpu-arguments-intercept": 43574283,
        "verifySchnorrSecp256k1Signature-cpu-arguments-slope": 26308,
        "verifySchnorrSecp256k1Signature-memory-arguments": 10
      }
    },
    "executionUnitPrices": {
      "priceMemory": 0.0577,
      "priceSteps": 7.21e-05
    },
    "maxBlockBodySize": 90112,
    "maxBlockExecutionUnits": {
      "memory": 62000000,
      "steps": 20000000000
    },
    "maxBlockHeaderSize": 1100,
    "maxCollateralInputs": 3,
    "refScriptsFeePerByte" : 15,
    "maxTxExecutionUnits": {
      "memory": 14000000,
      "steps": 10000000000
    },
    "maxTxSize": 16384,
    "maxValueSize": 5000,
    "minPoolCost": 170000000,
    "monetaryExpansion": 0.003,
    "poolPledgeInfluence": 0.3,
    "poolRetireMaxEpoch": 18,
    "protocolVersion": {
      "major": 8,
      "minor": 0
    },
    "stakeAddressDeposit": 2000000,
    "stakePoolDeposit": 500000000,
    "stakePoolTargetNum": 500,
    "treasuryCut": 0.2,
    "txFeeFixed": 155381,
    "txFeePerByte": 44,
    "utxoCostPerByte": 4310
  },
  "latestTip": {
    "epoch": 459,
    "hash": "4286b3906ecf96c751be977f8aa84967c52c9f237e79a7428cc94fe19f4c7361",
    "slot": 113163674,
    "time": 1704729965000
  }
}
